{
  "pools": [
    {
      "rolls": 1,
      "entries": [
        {
          "type": "minecraft:item",
          "name": "minecraft:carrot_on_a_stick",
          "functions": [
            {
              "function": "minecraft:copy_nbt",
              "source": "this",
              "ops": [
                {
                  "source": "ArmorItems[0].tag",
                  "target": "{}",
                  "op": "merge"
                }
              ]
            },
            {
              "function": "minecraft:set_nbt",
              "tag": "{AttributeModifiers:[{Name:\"Muggle2077\",AttributeName:\"generic.attack_damage\",Amount:5.0d,Slot:'mainhand',Operation:0,UUID:[I;233456,233456,233456,233456]},{Name:\"Muggle2077\",AttributeName:\"generic.attack_speed\",Amount:-3.0d,Slot:'mainhand',Operation:0,UUID:[I;233456,233456,233456,233457]}]}"
            }
          ]
        }
      ]
    }
  ]
}