{
  "pools": [
    {
      "rolls": 1,
      "entries": [
        {
          "type": "minecraft:item",
          "name": "minecraft:carrot_on_a_stick",
          "functions": [
            {
              "function": "minecraft:set_nbt",
              "tag": "{CustomModelData:233462,display:{Name:'{\"text\":\"发射仪\",\"italic\":false}',Lore:['{\"text\":\"0/3 支箭\",\"color\":\"gray\",\"italic\":false}']},UTools:['shooter'],Arrows:0b}"
            }
          ]
        }
      ]
    }
  ]
}